unique_id,allow_live_comments,archived,author,author_flair_type,author_fullname,author_patreon_flair,author_premium,can_gild,can_mod_post,clear_vote,clicked,comment_limit,comment_sort,comments,contest_mode,created,created_utc,crosspost,delete,disable_inbox_replies,domain,downs,downvote,duplicates,edit,edited,enable_inbox_replies,flair,fullname,gild,gilded,hidden,hide,hide_score,id,id_from_url,is_crosspostable,is_meta,is_original_content,is_reddit_media_domain,is_robot_indexable,is_self,is_video,link_flair_background_color,link_flair_text_color,link_flair_type,locked,mark_visited,media_only,mod,name,no_follow,num_comments,num_crossposts,over_18,parent_whitelist_status,parse,permalink,pinned,pwls,quarantine,reply,report,save,saved,score,selftext,send_replies,shortlink,spoiler,stickied,STR_FIELD,subreddit,subreddit_id,subreddit_name_prefixed,subreddit_subscribers,subreddit_type,thumbnail,title,total_awards_received,unhide,unsave,ups,upvote,upvote_ratio,url,visited,whitelist_status,wls,link_flair_css_class,link_flair_richtext,link_flair_text,media,media_embed,secure_media,secure_media_embed,thumbnail_height,thumbnail_width
kzod2l-Cumforclaire-aww-1610948785,FALSE,FALSE,Cumforclaire,text,t2_8xrzq3gm,FALSE,FALSE,TRUE,FALSE,<bound method VotableMixin.clear_vote of Submission(id='kzod2l')>,FALSE,2048,confidence,<praw.models.comment_forest.CommentForest>,FALSE,1610977585,1610948785,<bound method Submission.crosspost of Submission(id='kzod2l')>,<bound method EditableMixin.delete of Submission(id='kzod2l')>,<bound method InboxToggleableMixin.disable_inbox_replies of Submission(id='kzod2l')>,v.redd.it,0,<bound method VotableMixin.downvote of Submission(id='kzod2l')>,<bound method SubmissionListingMixin.duplicates of Submission(id='kzod2l')>,<bound method EditableMixin.edit of Submission(id='kzod2l')>,FALSE,<bound method InboxToggleableMixin.enable_inbox_replies of Submission(id='kzod2l')>,<praw.models.reddit.submission.SubmissionFlair>,t3_kzod2l,<bound method GildableMixin.gild of Submission(id='kzod2l')>,0,FALSE,<bound method Submission.hide of Submission(id='kzod2l')>,TRUE,kzod2l,<function Submission.id_from_url at 0x7f4ec38ce2f0>,TRUE,FALSE,FALSE,TRUE,TRUE,FALSE,TRUE,,dark,text,FALSE,<bound method Submission.mark_visited of Submission(id='kzod2l')>,FALSE,<praw.models.reddit.submission.SubmissionModeration>,t3_kzod2l,TRUE,0,0,FALSE,all_ads,<bound method PRAWBase.parse of <class 'praw.models.reddit.submission.Submission'>>,/r/aww/comments/kzod2l/kitty_slap/,FALSE,6,FALSE,<bound method ReplyableMixin.reply of Submission(id='kzod2l')>,<bound method ReportableMixin.report of Submission(id='kzod2l')>,<bound method SavableMixin.save of Submission(id='kzod2l')>,FALSE,1,,TRUE,https://redd.it/kzod2l,FALSE,FALSE,id,aww,t5_2qh1o,r/aww,27801139,public,https://b.thumbs.redditmedia.com/ZDGDL5LyuRNeHGEPDl3bIDqcTI25WotftR27CV_H42g.jpg,kitty slap!,0,<bound method Submission.unhide of Submission(id='kzod2l')>,<bound method SavableMixin.unsave of Submission(id='kzod2l')>,1,<bound method VotableMixin.upvote of Submission(id='kzod2l')>,1,https://v.redd.it/cuyzywca41c61,FALSE,all_ads,6,lc,NULL,NULL,"list(bitrate_kbps = 4800, fallback_url = ""https://v.redd.it/cuyzywca41c61/DASH_1080.mp4?source=fallback"", height = 1080, width = 607, scrubber_media_url = ""https://v.redd.it/cuyzywca41c61/DASH_96.mp4"", dash_url = ""https://v.redd.it/cuyzywca41c61/DASHPlaylist.mpd?a=1613540880%2CMzlhMDAxMGM4N2Y5MGI2NTg0OWE2OWE2MzdlMWEzNDk5ZWRhNmEzNTViNmI1MTE4YWMyYTI5MmVjMzNmODFmNA%3D%3D&v=1&f=sd"", duration = 9, hls_url = ""https://v.redd.it/cuyzywca41c61/HLSPlaylist.m3u8?a=1613540880%2CMTMyNTc1ZTRhNGIzNjc1ODNiZjFmZDBkYWQ3M2EzZTgzMDQ5NmRhY2NjZjczMDNlODJkYmZiM2YxNDdkNGEwOA%3D%3D&v=1&f=sd"", 
    is_gif = FALSE, transcoding_status = ""completed"")",NULL,"list(bitrate_kbps = 4800, fallback_url = ""https://v.redd.it/cuyzywca41c61/DASH_1080.mp4?source=fallback"", height = 1080, width = 607, scrubber_media_url = ""https://v.redd.it/cuyzywca41c61/DASH_96.mp4"", dash_url = ""https://v.redd.it/cuyzywca41c61/DASHPlaylist.mpd?a=1613540880%2CMzlhMDAxMGM4N2Y5MGI2NTg0OWE2OWE2MzdlMWEzNDk5ZWRhNmEzNTViNmI1MTE4YWMyYTI5MmVjMzNmODFmNA%3D%3D&v=1&f=sd"", duration = 9, hls_url = ""https://v.redd.it/cuyzywca41c61/HLSPlaylist.m3u8?a=1613540880%2CMTMyNTc1ZTRhNGIzNjc1ODNiZjFmZDBkYWQ3M2EzZTgzMDQ5NmRhY2NjZjczMDNlODJkYmZiM2YxNDdkNGEwOA%3D%3D&v=1&f=sd"", 
    is_gif = FALSE, transcoding_status = ""completed"")",NULL,140,140
kzodhl-JustAMan1234567-aww-1610948831,FALSE,FALSE,JustAMan1234567,text,t2_7a2urafd,FALSE,FALSE,TRUE,FALSE,<bound method VotableMixin.clear_vote of Submission(id='kzodhl')>,FALSE,2048,confidence,<praw.models.comment_forest.CommentForest>,FALSE,1610977631,1610948831,<bound method Submission.crosspost of Submission(id='kzodhl')>,<bound method EditableMixin.delete of Submission(id='kzodhl')>,<bound method InboxToggleableMixin.disable_inbox_replies of Submission(id='kzodhl')>,i.redd.it,0,<bound method VotableMixin.downvote of Submission(id='kzodhl')>,<bound method SubmissionListingMixin.duplicates of Submission(id='kzodhl')>,<bound method EditableMixin.edit of Submission(id='kzodhl')>,FALSE,<bound method InboxToggleableMixin.enable_inbox_replies of Submission(id='kzodhl')>,<praw.models.reddit.submission.SubmissionFlair>,t3_kzodhl,<bound method GildableMixin.gild of Submission(id='kzodhl')>,0,FALSE,<bound method Submission.hide of Submission(id='kzodhl')>,TRUE,kzodhl,<function Submission.id_from_url at 0x7f4ec38ce2f0>,TRUE,FALSE,FALSE,TRUE,TRUE,FALSE,FALSE,,dark,text,FALSE,<bound method Submission.mark_visited of Submission(id='kzodhl')>,FALSE,<praw.models.reddit.submission.SubmissionModeration>,t3_kzodhl,FALSE,1,0,FALSE,all_ads,<bound method PRAWBase.parse of <class 'praw.models.reddit.submission.Submission'>>,/r/aww/comments/kzodhl/even_with_burns_hes_adorably_cute/,FALSE,6,FALSE,<bound method ReplyableMixin.reply of Submission(id='kzodhl')>,<bound method ReportableMixin.report of Submission(id='kzodhl')>,<bound method SavableMixin.save of Submission(id='kzodhl')>,FALSE,4,,TRUE,https://redd.it/kzodhl,FALSE,FALSE,id,aww,t5_2qh1o,r/aww,27801138,public,https://b.thumbs.redditmedia.com/WDht3FZLO9F5CRvNvmuCtgrMWNyTBEWbVL6iNphKldk.jpg,Even With Burns He's Adorably Cute,0,<bound method Submission.unhide of Submission(id='kzodhl')>,<bound method SavableMixin.unsave of Submission(id='kzodhl')>,4,<bound method VotableMixin.upvote of Submission(id='kzodhl')>,1,https://i.redd.it/0p8yd03d41c61.jpg,FALSE,all_ads,6,lc,NULL,NULL,NULL,NULL,NULL,NULL,101,140
kzodi5-Ambitios-sports-1610948833,FALSE,FALSE,Ambitios,text,t2_8jyy2iro,FALSE,FALSE,TRUE,FALSE,<bound method VotableMixin.clear_vote of Submission(id='kzodi5')>,FALSE,2048,confidence,<praw.models.comment_forest.CommentForest>,FALSE,1610977633,1610948833,<bound method Submission.crosspost of Submission(id='kzodi5')>,<bound method EditableMixin.delete of Submission(id='kzodi5')>,<bound method InboxToggleableMixin.disable_inbox_replies of Submission(id='kzodi5')>,youtu.be,0,<bound method VotableMixin.downvote of Submission(id='kzodi5')>,<bound method SubmissionListingMixin.duplicates of Submission(id='kzodi5')>,<bound method EditableMixin.edit of Submission(id='kzodi5')>,FALSE,<bound method InboxToggleableMixin.enable_inbox_replies of Submission(id='kzodi5')>,<praw.models.reddit.submission.SubmissionFlair>,t3_kzodi5,<bound method GildableMixin.gild of Submission(id='kzodi5')>,0,FALSE,<bound method Submission.hide of Submission(id='kzodi5')>,TRUE,kzodi5,<function Submission.id_from_url at 0x7f4ec38ce2f0>,TRUE,FALSE,FALSE,FALSE,TRUE,FALSE,FALSE,#ff4500,light,richtext,FALSE,<bound method Submission.mark_visited of Submission(id='kzodi5')>,FALSE,<praw.models.reddit.submission.SubmissionModeration>,t3_kzodi5,TRUE,0,0,FALSE,all_ads,<bound method PRAWBase.parse of <class 'praw.models.reddit.submission.Submission'>>,/r/sports/comments/kzodi5/gameplay_cricket/,FALSE,6,FALSE,<bound method ReplyableMixin.reply of Submission(id='kzodi5')>,<bound method ReportableMixin.report of Submission(id='kzodi5')>,<bound method SavableMixin.save of Submission(id='kzodi5')>,FALSE,1,,TRUE,https://redd.it/kzodi5,FALSE,FALSE,id,sports,t5_2qgzy,r/sports,18407901,public,https://b.thumbs.redditmedia.com/ZROL9ELKO0qeFpH-ymou1hUzHKkiwnToDedARL-mK7Y.jpg,Gameplay Cricket,0,<bound method Submission.unhide of Submission(id='kzodi5')>,<bound method SavableMixin.unsave of Submission(id='kzodi5')>,1,<bound method VotableMixin.upvote of Submission(id='kzodi5')>,1,https://youtu.be/aGold2ms1nE,FALSE,all_ads,6,,"c(""list(a = \"":cricket:\"", u = \""https://emoji.redditmedia.com/70ghu1k2y6811_t5_2qgzy/cricket\"", e = \""emoji\"")"", ""list(e = \""text\"", t = \"" Cricket\"")"")",:cricket: Cricket,"c(""list(provider_url = \""https://www.youtube.com/\"", title = \""Gameplay Of Cricket EA SPORTS™ Dream 11 IPL 2020\"", html = \""<iframe width=\\\""267\\\"" height=\\\""200\\\"" src=\\\""https://www.youtube.com/embed/aGold2ms1nE?feature=oembed&enablejsapi=1\\\"" frameborder=\\\""0\\\"" allow=\\\""accelerometer; autoplay; clipboard-write; encrypted-media; gyroscope; picture-in-picture\\\"" allowfullscreen></iframe>\"", thumbnail_width = 480, height = 200, width = 267, version = \""1.0\"", author_name = \""THE MOTIVATIONAL CHANNEL\"", provider_name = \""YouTube\"", \n    thumbnail_url = \""https://i.ytimg.com/vi/aGold2ms1nE/hqdefault.jpg\"", type = \""video\"", thumbnail_height = 360, author_url = \""https://www.youtube.com/channel/UCbzY4afFWWNLbAPm8USQZ1A\"")"", 
""youtube.com"")","c(""<iframe width=\""267\"" height=\""200\"" src=\""https://www.youtube.com/embed/aGold2ms1nE?feature=oembed&enablejsapi=1\"" frameborder=\""0\"" allow=\""accelerometer; autoplay; clipboard-write; encrypted-media; gyroscope; picture-in-picture\"" allowfullscreen></iframe>"", ""267"", ""FALSE"", ""200"")","c(""list(provider_url = \""https://www.youtube.com/\"", title = \""Gameplay Of Cricket EA SPORTS™ Dream 11 IPL 2020\"", html = \""<iframe width=\\\""267\\\"" height=\\\""200\\\"" src=\\\""https://www.youtube.com/embed/aGold2ms1nE?feature=oembed&enablejsapi=1\\\"" frameborder=\\\""0\\\"" allow=\\\""accelerometer; autoplay; clipboard-write; encrypted-media; gyroscope; picture-in-picture\\\"" allowfullscreen></iframe>\"", thumbnail_width = 480, height = 200, width = 267, version = \""1.0\"", author_name = \""THE MOTIVATIONAL CHANNEL\"", provider_name = \""YouTube\"", \n    thumbnail_url = \""https://i.ytimg.com/vi/aGold2ms1nE/hqdefault.jpg\"", type = \""video\"", thumbnail_height = 360, author_url = \""https://www.youtube.com/channel/UCbzY4afFWWNLbAPm8USQZ1A\"")"", 
""youtube.com"")","c(""<iframe width=\""267\"" height=\""200\"" src=\""https://www.youtube.com/embed/aGold2ms1nE?feature=oembed&enablejsapi=1\"" frameborder=\""0\"" allow=\""accelerometer; autoplay; clipboard-write; encrypted-media; gyroscope; picture-in-picture\"" allowfullscreen></iframe>"", ""267"", ""FALSE"", ""https://www.redditmedia.com/mediaembed/kzodi5"", ""200"")",105,140
kzodid-inkedmassacre89-food-1610948834,FALSE,FALSE,inkedmassacre89,text,t2_jqu2793,FALSE,FALSE,TRUE,FALSE,<bound method VotableMixin.clear_vote of Submission(id='kzodid')>,FALSE,2048,confidence,<praw.models.comment_forest.CommentForest>,FALSE,1610977634,1610948834,<bound method Submission.crosspost of Submission(id='kzodid')>,<bound method EditableMixin.delete of Submission(id='kzodid')>,<bound method InboxToggleableMixin.disable_inbox_replies of Submission(id='kzodid')>,i.redd.it,0,<bound method VotableMixin.downvote of Submission(id='kzodid')>,<bound method SubmissionListingMixin.duplicates of Submission(id='kzodid')>,<bound method EditableMixin.edit of Submission(id='kzodid')>,FALSE,<bound method InboxToggleableMixin.enable_inbox_replies of Submission(id='kzodid')>,<praw.models.reddit.submission.SubmissionFlair>,t3_kzodid,<bound method GildableMixin.gild of Submission(id='kzodid')>,0,FALSE,<bound method Submission.hide of Submission(id='kzodid')>,TRUE,kzodid,<function Submission.id_from_url at 0x7f4ec38ce2f0>,TRUE,FALSE,TRUE,TRUE,TRUE,FALSE,FALSE,,dark,text,FALSE,<bound method Submission.mark_visited of Submission(id='kzodid')>,FALSE,<praw.models.reddit.submission.SubmissionModeration>,t3_kzodid,FALSE,0,0,FALSE,all_ads,<bound method PRAWBase.parse of <class 'praw.models.reddit.submission.Submission'>>,/r/food/comments/kzodid/homemade_fried_potstickers/,FALSE,6,FALSE,<bound method ReplyableMixin.reply of Submission(id='kzodid')>,<bound method ReportableMixin.report of Submission(id='kzodid')>,<bound method SavableMixin.save of Submission(id='kzodid')>,FALSE,2,,TRUE,https://redd.it/kzodid,FALSE,FALSE,id,food,t5_2qh55,r/food,20658230,public,https://b.thumbs.redditmedia.com/bPVxth1Q8EjWkqoihqKm-aqiwT51yTK-3laV7z4gXsY.jpg,[homemade] fried potstickers,0,<bound method Submission.unhide of Submission(id='kzodid')>,<bound method SavableMixin.unsave of Submission(id='kzodid')>,2,<bound method VotableMixin.upvote of Submission(id='kzodid')>,1,https://i.redd.it/vhs61ocg41c61.jpg,FALSE,all_ads,6,NULL,NULL,NULL,NULL,NULL,NULL,NULL,140,140
kzodlp-americanthaiguy-worldnews-1610948845,FALSE,FALSE,americanthaiguy,text,t2_6lyylkzl,FALSE,TRUE,TRUE,FALSE,<bound method VotableMixin.clear_vote of Submission(id='kzodlp')>,FALSE,2048,confidence,<praw.models.comment_forest.CommentForest>,FALSE,1610977645,1610948845,<bound method Submission.crosspost of Submission(id='kzodlp')>,<bound method EditableMixin.delete of Submission(id='kzodlp')>,<bound method InboxToggleableMixin.disable_inbox_replies of Submission(id='kzodlp')>,reuters.com,0,<bound method VotableMixin.downvote of Submission(id='kzodlp')>,<bound method SubmissionListingMixin.duplicates of Submission(id='kzodlp')>,<bound method EditableMixin.edit of Submission(id='kzodlp')>,FALSE,<bound method InboxToggleableMixin.enable_inbox_replies of Submission(id='kzodlp')>,<praw.models.reddit.submission.SubmissionFlair>,t3_kzodlp,<bound method GildableMixin.gild of Submission(id='kzodlp')>,0,FALSE,<bound method Submission.hide of Submission(id='kzodlp')>,TRUE,kzodlp,<function Submission.id_from_url at 0x7f4ec38ce2f0>,TRUE,FALSE,FALSE,FALSE,TRUE,FALSE,FALSE,,dark,text,FALSE,<bound method Submission.mark_visited of Submission(id='kzodlp')>,FALSE,<praw.models.reddit.submission.SubmissionModeration>,t3_kzodlp,TRUE,0,0,FALSE,all_ads,<bound method PRAWBase.parse of <class 'praw.models.reddit.submission.Submission'>>,/r/worldnews/comments/kzodlp/ioc_expects_only_6000_athletes_at_olympic_opening/,FALSE,6,FALSE,<bound method ReplyableMixin.reply of Submission(id='kzodlp')>,<bound method ReportableMixin.report of Submission(id='kzodlp')>,<bound method SavableMixin.save of Submission(id='kzodlp')>,FALSE,1,,TRUE,https://redd.it/kzodlp,FALSE,FALSE,id,worldnews,t5_2qh13,r/worldnews,25666284,public,default,"IOC expects only 6,000 athletes at Olympic opening ceremony: Yomiuri",0,<bound method Submission.unhide of Submission(id='kzodlp')>,<bound method SavableMixin.unsave of Submission(id='kzodlp')>,1,<bound method VotableMixin.upvote of Submission(id='kzodlp')>,1,https://www.reuters.com/article/us-olympics-2020-idUSKBN29N000?taid=6005205e947f630001ccc454&utm_campaign=trueAnthem:+Trending+Content&utm_medium=trueAnthem&utm_source=twitter,FALSE,all_ads,6,NULL,NULL,NULL,NULL,NULL,NULL,NULL,96,140
kzodn7-Division_J-AskReddit-1610948849,FALSE,FALSE,Division_J,text,t2_ttimn,FALSE,FALSE,TRUE,FALSE,<bound method VotableMixin.clear_vote of Submission(id='kzodn7')>,FALSE,2048,confidence,<praw.models.comment_forest.CommentForest>,FALSE,1610977649,1610948849,<bound method Submission.crosspost of Submission(id='kzodn7')>,<bound method EditableMixin.delete of Submission(id='kzodn7')>,<bound method InboxToggleableMixin.disable_inbox_replies of Submission(id='kzodn7')>,self.AskReddit,0,<bound method VotableMixin.downvote of Submission(id='kzodn7')>,<bound method SubmissionListingMixin.duplicates of Submission(id='kzodn7')>,<bound method EditableMixin.edit of Submission(id='kzodn7')>,FALSE,<bound method InboxToggleableMixin.enable_inbox_replies of Submission(id='kzodn7')>,<praw.models.reddit.submission.SubmissionFlair>,t3_kzodn7,<bound method GildableMixin.gild of Submission(id='kzodn7')>,0,FALSE,<bound method Submission.hide of Submission(id='kzodn7')>,TRUE,kzodn7,<function Submission.id_from_url at 0x7f4ec38ce2f0>,TRUE,FALSE,FALSE,FALSE,TRUE,TRUE,FALSE,,dark,text,FALSE,<bound method Submission.mark_visited of Submission(id='kzodn7')>,FALSE,<praw.models.reddit.submission.SubmissionModeration>,t3_kzodn7,TRUE,0,0,FALSE,all_ads,<bound method PRAWBase.parse of <class 'praw.models.reddit.submission.Submission'>>,/r/AskReddit/comments/kzodn7/your_are_now_the_next_curator_of_the_museum_of/,FALSE,6,FALSE,<bound method ReplyableMixin.reply of Submission(id='kzodn7')>,<bound method ReportableMixin.report of Submission(id='kzodn7')>,<bound method SavableMixin.save of Submission(id='kzodn7')>,FALSE,1,,TRUE,https://redd.it/kzodn7,FALSE,FALSE,id,AskReddit,t5_2qh1i,r/AskReddit,31060573,public,self,"Your are now the next curator of the museum of 2020. What exhibits and artifacts would you choose to display for future generations to remember, and why?",0,<bound method Submission.unhide of Submission(id='kzodn7')>,<bound method SavableMixin.unsave of Submission(id='kzodn7')>,1,<bound method VotableMixin.upvote of Submission(id='kzodn7')>,1,https://www.reddit.com/r/AskReddit/comments/kzodn7/your_are_now_the_next_curator_of_the_museum_of/,FALSE,all_ads,6,NULL,NULL,NULL,NULL,NULL,NULL,NULL,NULL,NULL
kzodn8-Canadient95-AskReddit-1610948849,FALSE,FALSE,Canadient95,text,t2_2q9trwcu,FALSE,FALSE,TRUE,FALSE,<bound method VotableMixin.clear_vote of Submission(id='kzodn8')>,FALSE,2048,confidence,<praw.models.comment_forest.CommentForest>,FALSE,1610977649,1610948849,<bound method Submission.crosspost of Submission(id='kzodn8')>,<bound method EditableMixin.delete of Submission(id='kzodn8')>,<bound method InboxToggleableMixin.disable_inbox_replies of Submission(id='kzodn8')>,self.AskReddit,0,<bound method VotableMixin.downvote of Submission(id='kzodn8')>,<bound method SubmissionListingMixin.duplicates of Submission(id='kzodn8')>,<bound method EditableMixin.edit of Submission(id='kzodn8')>,FALSE,<bound method InboxToggleableMixin.enable_inbox_replies of Submission(id='kzodn8')>,<praw.models.reddit.submission.SubmissionFlair>,t3_kzodn8,<bound method GildableMixin.gild of Submission(id='kzodn8')>,0,FALSE,<bound method Submission.hide of Submission(id='kzodn8')>,TRUE,kzodn8,<function Submission.id_from_url at 0x7f4ec38ce2f0>,TRUE,FALSE,FALSE,FALSE,TRUE,TRUE,FALSE,,dark,text,FALSE,<bound method Submission.mark_visited of Submission(id='kzodn8')>,FALSE,<praw.models.reddit.submission.SubmissionModeration>,t3_kzodn8,TRUE,0,0,TRUE,all_ads,<bound method PRAWBase.parse of <class 'praw.models.reddit.submission.Submission'>>,/r/AskReddit/comments/kzodn8/when_2_gay_guys_have_sex_how_do_they_decide_whos/,FALSE,6,FALSE,<bound method ReplyableMixin.reply of Submission(id='kzodn8')>,<bound method ReportableMixin.report of Submission(id='kzodn8')>,<bound method SavableMixin.save of Submission(id='kzodn8')>,FALSE,1,,TRUE,https://redd.it/kzodn8,FALSE,FALSE,id,AskReddit,t5_2qh1i,r/AskReddit,31060573,public,nsfw,"When 2 gay guys have sex, how do they decide who's penis will open up to accept the other penis?",0,<bound method Submission.unhide of Submission(id='kzodn8')>,<bound method SavableMixin.unsave of Submission(id='kzodn8')>,1,<bound method VotableMixin.upvote of Submission(id='kzodn8')>,1,https://www.reddit.com/r/AskReddit/comments/kzodn8/when_2_gay_guys_have_sex_how_do_they_decide_whos/,FALSE,promo_adult_nsfw,3,NULL,NULL,NULL,NULL,NULL,NULL,NULL,NULL,NULL
kzodnz-420kingyeet-gaming-1610948852,FALSE,FALSE,420kingyeet,text,t2_4x3s802a,FALSE,FALSE,TRUE,FALSE,<bound method VotableMixin.clear_vote of Submission(id='kzodnz')>,FALSE,2048,confidence,<praw.models.comment_forest.CommentForest>,FALSE,1610977652,1610948852,<bound method Submission.crosspost of Submission(id='kzodnz')>,<bound method EditableMixin.delete of Submission(id='kzodnz')>,<bound method InboxToggleableMixin.disable_inbox_replies of Submission(id='kzodnz')>,self.gaming,0,<bound method VotableMixin.downvote of Submission(id='kzodnz')>,<bound method SubmissionListingMixin.duplicates of Submission(id='kzodnz')>,<bound method EditableMixin.edit of Submission(id='kzodnz')>,FALSE,<bound method InboxToggleableMixin.enable_inbox_replies of Submission(id='kzodnz')>,<praw.models.reddit.submission.SubmissionFlair>,t3_kzodnz,<bound method GildableMixin.gild of Submission(id='kzodnz')>,0,FALSE,<bound method Submission.hide of Submission(id='kzodnz')>,TRUE,kzodnz,<function Submission.id_from_url at 0x7f4ec38ce2f0>,TRUE,FALSE,FALSE,FALSE,TRUE,TRUE,FALSE,,dark,text,FALSE,<bound method Submission.mark_visited of Submission(id='kzodnz')>,FALSE,<praw.models.reddit.submission.SubmissionModeration>,t3_kzodnz,TRUE,0,0,FALSE,all_ads,<bound method PRAWBase.parse of <class 'praw.models.reddit.submission.Submission'>>,/r/gaming/comments/kzodnz/im_looking_for_a_good_first_person_free_roam_base/,FALSE,6,FALSE,<bound method ReplyableMixin.reply of Submission(id='kzodnz')>,<bound method ReportableMixin.report of Submission(id='kzodnz')>,<bound method SavableMixin.save of Submission(id='kzodnz')>,FALSE,1,,TRUE,https://redd.it/kzodnz,FALSE,FALSE,id,gaming,t5_2qh03,r/gaming,29124741,public,self,"I’m looking for a good first person, free roam, base building, zombie apocalypse game, any recommendations?",0,<bound method Submission.unhide of Submission(id='kzodnz')>,<bound method SavableMixin.unsave of Submission(id='kzodnz')>,1,<bound method VotableMixin.upvote of Submission(id='kzodnz')>,1,https://www.reddit.com/r/gaming/comments/kzodnz/im_looking_for_a_good_first_person_free_roam_base/,FALSE,all_ads,6,lc,NULL,NULL,NULL,NULL,NULL,NULL,NULL,NULL
kzodqs-Redhouse1966-Music-1610948861,FALSE,FALSE,Redhouse1966,text,t2_1qdrewiw,FALSE,FALSE,TRUE,FALSE,<bound method VotableMixin.clear_vote of Submission(id='kzodqs')>,FALSE,2048,confidence,<praw.models.comment_forest.CommentForest>,FALSE,1610977661,1610948861,<bound method Submission.crosspost of Submission(id='kzodqs')>,<bound method EditableMixin.delete of Submission(id='kzodqs')>,<bound method InboxToggleableMixin.disable_inbox_replies of Submission(id='kzodqs')>,youtu.be,0,<bound method VotableMixin.downvote of Submission(id='kzodqs')>,<bound method SubmissionListingMixin.duplicates of Submission(id='kzodqs')>,<bound method EditableMixin.edit of Submission(id='kzodqs')>,FALSE,<bound method InboxToggleableMixin.enable_inbox_replies of Submission(id='kzodqs')>,<praw.models.reddit.submission.SubmissionFlair>,t3_kzodqs,<bound method GildableMixin.gild of Submission(id='kzodqs')>,0,FALSE,<bound method Submission.hide of Submission(id='kzodqs')>,TRUE,kzodqs,<function Submission.id_from_url at 0x7f4ec38ce2f0>,TRUE,FALSE,FALSE,FALSE,TRUE,FALSE,FALSE,,dark,richtext,FALSE,<bound method Submission.mark_visited of Submission(id='kzodqs')>,FALSE,<praw.models.reddit.submission.SubmissionModeration>,t3_kzodqs,TRUE,0,0,FALSE,all_ads,<bound method PRAWBase.parse of <class 'praw.models.reddit.submission.Submission'>>,/r/Music/comments/kzodqs/rolling_stones_the_last_time_rock/,FALSE,6,FALSE,<bound method ReplyableMixin.reply of Submission(id='kzodqs')>,<bound method ReportableMixin.report of Submission(id='kzodqs')>,<bound method SavableMixin.save of Submission(id='kzodqs')>,FALSE,1,,TRUE,https://redd.it/kzodqs,FALSE,FALSE,id,Music,t5_2qh1u,r/Music,26803293,public,image,Rolling Stones - The Last Time [rock],0,<bound method Submission.unhide of Submission(id='kzodqs')>,<bound method SavableMixin.unsave of Submission(id='kzodqs')>,1,<bound method VotableMixin.upvote of Submission(id='kzodqs')>,1,https://youtu.be/6Jnmab7f1hI,FALSE,all_ads,6,video,"list(e = ""text"", t = ""video"")",video,"c(""list(provider_url = \""https://www.youtube.com/\"", title = \""The Rolling Stones - The Last Time - 1965 (HQ Remastered)\"", html = \""<iframe width=\\\""356\\\"" height=\\\""200\\\"" src=\\\""https://www.youtube.com/embed/6Jnmab7f1hI?feature=oembed&enablejsapi=1\\\"" frameborder=\\\""0\\\"" allow=\\\""accelerometer; autoplay; clipboard-write; encrypted-media; gyroscope; picture-in-picture\\\"" allowfullscreen></iframe>\"", thumbnail_width = 480, height = 200, width = 356, version = \""1.0\"", author_name = \""edPLAY\"", provider_name = \""YouTube\"", \n    thumbnail_url = \""https://i.ytimg.com/vi/6Jnmab7f1hI/hqdefault.jpg\"", type = \""video\"", thumbnail_height = 360, author_url = \""https://www.youtube.com/channel/UCuDXLVEERZzMsbArXGTau0A\"")"", 
""youtube.com"")","c(""<iframe width=\""356\"" height=\""200\"" src=\""https://www.youtube.com/embed/6Jnmab7f1hI?feature=oembed&enablejsapi=1\"" frameborder=\""0\"" allow=\""accelerometer; autoplay; clipboard-write; encrypted-media; gyroscope; picture-in-picture\"" allowfullscreen></iframe>"", ""356"", ""FALSE"", ""200"")","c(""list(provider_url = \""https://www.youtube.com/\"", title = \""The Rolling Stones - The Last Time - 1965 (HQ Remastered)\"", html = \""<iframe width=\\\""356\\\"" height=\\\""200\\\"" src=\\\""https://www.youtube.com/embed/6Jnmab7f1hI?feature=oembed&enablejsapi=1\\\"" frameborder=\\\""0\\\"" allow=\\\""accelerometer; autoplay; clipboard-write; encrypted-media; gyroscope; picture-in-picture\\\"" allowfullscreen></iframe>\"", thumbnail_width = 480, height = 200, width = 356, version = \""1.0\"", author_name = \""edPLAY\"", provider_name = \""YouTube\"", \n    thumbnail_url = \""https://i.ytimg.com/vi/6Jnmab7f1hI/hqdefault.jpg\"", type = \""video\"", thumbnail_height = 360, author_url = \""https://www.youtube.com/channel/UCuDXLVEERZzMsbArXGTau0A\"")"", 
""youtube.com"")","c(""<iframe width=\""356\"" height=\""200\"" src=\""https://www.youtube.com/embed/6Jnmab7f1hI?feature=oembed&enablejsapi=1\"" frameborder=\""0\"" allow=\""accelerometer; autoplay; clipboard-write; encrypted-media; gyroscope; picture-in-picture\"" allowfullscreen></iframe>"", ""356"", ""FALSE"", ""https://www.redditmedia.com/mediaembed/kzodqs"", ""200"")",105,140
kzodrb-Underpaid_Beetle-AskReddit-1610948862,FALSE,FALSE,Underpaid_Beetle,text,t2_9efiqv4w,FALSE,FALSE,TRUE,FALSE,<bound method VotableMixin.clear_vote of Submission(id='kzodrb')>,FALSE,2048,confidence,<praw.models.comment_forest.CommentForest>,FALSE,1610977662,1610948862,<bound method Submission.crosspost of Submission(id='kzodrb')>,<bound method EditableMixin.delete of Submission(id='kzodrb')>,<bound method InboxToggleableMixin.disable_inbox_replies of Submission(id='kzodrb')>,self.AskReddit,0,<bound method VotableMixin.downvote of Submission(id='kzodrb')>,<bound method SubmissionListingMixin.duplicates of Submission(id='kzodrb')>,<bound method EditableMixin.edit of Submission(id='kzodrb')>,FALSE,<bound method InboxToggleableMixin.enable_inbox_replies of Submission(id='kzodrb')>,<praw.models.reddit.submission.SubmissionFlair>,t3_kzodrb,<bound method GildableMixin.gild of Submission(id='kzodrb')>,0,FALSE,<bound method Submission.hide of Submission(id='kzodrb')>,TRUE,kzodrb,<function Submission.id_from_url at 0x7f4ec38ce2f0>,TRUE,FALSE,FALSE,FALSE,TRUE,TRUE,FALSE,,dark,text,FALSE,<bound method Submission.mark_visited of Submission(id='kzodrb')>,FALSE,<praw.models.reddit.submission.SubmissionModeration>,t3_kzodrb,TRUE,0,0,FALSE,all_ads,<bound method PRAWBase.parse of <class 'praw.models.reddit.submission.Submission'>>,/r/AskReddit/comments/kzodrb/whats_the_greatest_album_opener_of_all_time/,FALSE,6,FALSE,<bound method ReplyableMixin.reply of Submission(id='kzodrb')>,<bound method ReportableMixin.report of Submission(id='kzodrb')>,<bound method SavableMixin.save of Submission(id='kzodrb')>,FALSE,1,,TRUE,https://redd.it/kzodrb,FALSE,FALSE,id,AskReddit,t5_2qh1i,r/AskReddit,31060573,public,self,What’s the greatest album opener of all time?,0,<bound method Submission.unhide of Submission(id='kzodrb')>,<bound method SavableMixin.unsave of Submission(id='kzodrb')>,1,<bound method VotableMixin.upvote of Submission(id='kzodrb')>,1,https://www.reddit.com/r/AskReddit/comments/kzodrb/whats_the_greatest_album_opener_of_all_time/,FALSE,all_ads,6,NULL,NULL,NULL,NULL,NULL,NULL,NULL,NULL,NULL
